{
  "box": {
    "center": [
      0.353809,
      -0.145,
      0.805
    ],
    "extents": [
      0.2,
      0.04,
      0.2
    ],
    "ypr_deg": [
      51.528976,
      19.07506,
      64.940083
    ],
    "color_points": true
  },
  "plane": {
    "p0": [
      0.3427636011438645,
      -0.12610332189665602,
      0.8494185654185835
    ],
    "normal": [
      -0.40171839743921484,
      0.28666703789143033,
      0.8697380861761903
    ],
    "u": [
      0.9107689144183414,
      0.22412115693124407,
      0.3467992092624155
    ],
    "v": [
      0.09551080403862688,
      -0.9314460351530591,
      0.3511210188945417
    ],
    "width_m": 0.4,
    "length_m": 0.3,
    "local_offsets": [
      0.0,
      0.0,
      0.0
    ],
    "local_yaw_pitch_roll_deg": [
      0.0,
      0.0,
      0.0
    ],
    "visible": true
  },
  "flags": {
    "plane_visible": true,
    "box_visible": false,
    "roi_visible": true
  },
  "roi": {
    "x_extend": 0.5,
    "z_extend": 0.2,
    "mirror_x": false,
    "mirror_z": true,
    "y_min": 0.0,
    "y_max": 0.4400000000000002
  }
}