{
  "box": {
    "center": [
      0.353809,
      -0.145,
      0.879
    ],
    "extents": [
      0.2,
      0.04,
      0.2
    ],
    "ypr_deg": [
      51.528976,
      19.07506,
      64.940083
    ],
    "visible": true,
    "color_points": true
  },
  "plane": {
    "p0": [
      0.3364992580671086,
      -0.13398099877656652,
      0.8760359407235414
    ],
    "normal": [
      -0.46390343528855915,
      0.3969647276914945,
      0.7919675546992385
    ],
    "u": [
      0.843176700242141,
      -0.07637850143413794,
      0.532183593027303
    ],
    "v": [
      -0.271747410100351,
      -0.9146503864797155,
      0.29927916000994564
    ],
    "width_m": 0.4,
    "length_m": 0.3,
    "local_offsets": [
      0.0,
      0.0,
      0.0
    ],
    "local_yaw_pitch_roll_deg": [
      0.0,
      0.0,
      0.0
    ],
    "visible": true
  },
  "flags": {
    "plane_visible": true
  }
}