{
  "box": {
    "center": [
      0.551724,
      0.067963,
      1.407
    ],
    "extents": [
      0.55,
      0.15,
      0.55
    ],
    "ypr_deg": [
      -14.5,
      8.0,
      -83.6
    ],
    "color_points": true
  },
  "plane": {
    "p0": [
      0.5251522916368248,
      0.11049056500737399,
      1.4867295559204272
    ],
    "normal": [
      -0.9548516739387599,
      -0.1457517583076254,
      -0.2588719871414901
    ],
    "u": [
      -0.25167595957045497,
      -0.06614204504332805,
      0.9655487772514537
    ],
    "v": [
      -0.15785275465014542,
      0.9871077219978182,
      0.026473628796202076
    ],
    "width_m": 0.9,
    "length_m": 0.9,
    "local_offsets": [
      0.0,
      0.0,
      0.0
    ],
    "local_yaw_pitch_roll_deg": [
      0.0,
      0.0,
      0.0
    ],
    "visible": true
  },
  "flags": {
    "plane_visible": true,
    "box_visible": true,
    "roi_visible": true,
    "flip_n": false
  },
  "roi": {
    "x_extend": 2.25,
    "z_extend": 0.75,
    "mirror_x": false,
    "mirror_z": false,
    "y_min": 0.0,
    "y_max": 1.019
  }
}