{
  "box": {
    "center": [
      0.221973,
      -0.086485,
      1.424
    ],
    "extents": [
      0.35,
      0.1,
      0.35
    ],
    "ypr_deg": [
      128.321827,
      83.840003,
      69.755373
    ],
    "color_points": true
  },
  "plane": {
    "p0": [
      0.3073809336476601,
      -0.12564481791819787,
      1.5896379930884486
    ],
    "normal": [
      -0.8489374828883365,
      -0.0345803118032797,
      -0.5273607419810499
    ],
    "u": [
      -0.5284725554301829,
      0.046707823815782944,
      0.8476645193421076
    ],
    "v": [
      0.004680630759615852,
      -0.998309862332323,
      0.05792676812761441
    ],
    "width_m": 0.8,
    "length_m": 0.8,
    "local_offsets": [
      0.16000000000000014,
      -0.15999999999999992,
      0.053999999999999826
    ],
    "local_yaw_pitch_roll_deg": [
      0.0,
      0.0,
      0.0
    ],
    "visible": true
  },
  "flags": {
    "plane_visible": true,
    "box_visible": true,
    "roi_visible": true
  },
  "roi": {
    "x_extend": 0.3,
    "z_extend": 2.0,
    "mirror_x": true,
    "mirror_z": false,
    "y_min": 0.34,
    "y_max": 1.679
  }
}